{
  "backpropType" : "Standard",
  "cacheMode" : "NONE",
  "confs" : [ {
    "cacheMode" : "NONE",
    "dataType" : "FLOAT",
    "epochCount" : 0,
    "iterationCount" : 0,
    "layer" : {
      "@class" : "org.deeplearning4j.nn.conf.layers.ConvolutionLayer",
      "activationFn" : {
        "@class" : "org.nd4j.linalg.activations.impl.ActivationLReLU",
        "alpha" : 0.01
      },
      "biasInit" : 0.0,
      "biasUpdater" : null,
      "cnn2dDataFormat" : "NCHW",
      "constraints" : null,
      "convolutionMode" : "Truncate",
      "cudnnAlgoMode" : "PREFER_FASTEST",
      "cudnnAllowFallback" : true,
      "cudnnBwdDataAlgo" : null,
      "cudnnBwdFilterAlgo" : null,
      "cudnnFwdAlgo" : null,
      "dilation" : [ 1, 1 ],
      "gainInit" : 1.0,
      "gradientNormalization" : "None",
      "gradientNormalizationThreshold" : 1.0,
      "hasBias" : true,
      "idropout" : null,
      "iupdater" : {
        "@class" : "org.nd4j.linalg.learning.config.Adam",
        "beta1" : 0.9,
        "beta2" : 0.999,
        "epsilon" : 1.0E-8,
        "learningRate" : 1.0E-4
      },
      "kernelSize" : [ 5, 5 ],
      "layerName" : "layer0",
      "nin" : 13,
      "nout" : 16,
      "padding" : [ 1, 1 ],
      "regularization" : [ ],
      "regularizationBias" : [ ],
      "stride" : [ 1, 1 ],
      "timeDistributedFormat" : null,
      "weightInitFn" : {
        "@class" : "org.deeplearning4j.nn.weights.WeightInitXavier"
      },
      "weightNoise" : null
    },
    "maxNumLineSearchIterations" : 5,
    "miniBatch" : true,
    "minimize" : true,
    "optimizationAlgo" : "STOCHASTIC_GRADIENT_DESCENT",
    "seed" : 1735428910776,
    "stepFunction" : null,
    "variables" : [ "W", "b" ]
  }, {
    "cacheMode" : "NONE",
    "dataType" : "FLOAT",
    "epochCount" : 0,
    "iterationCount" : 0,
    "layer" : {
      "@class" : "org.deeplearning4j.nn.conf.layers.ConvolutionLayer",
      "activationFn" : {
        "@class" : "org.nd4j.linalg.activations.impl.ActivationLReLU",
        "alpha" : 0.01
      },
      "biasInit" : 0.0,
      "biasUpdater" : null,
      "cnn2dDataFormat" : "NCHW",
      "constraints" : null,
      "convolutionMode" : "Truncate",
      "cudnnAlgoMode" : "PREFER_FASTEST",
      "cudnnAllowFallback" : true,
      "cudnnBwdDataAlgo" : null,
      "cudnnBwdFilterAlgo" : null,
      "cudnnFwdAlgo" : null,
      "dilation" : [ 1, 1 ],
      "gainInit" : 1.0,
      "gradientNormalization" : "None",
      "gradientNormalizationThreshold" : 1.0,
      "hasBias" : true,
      "idropout" : null,
      "iupdater" : {
        "@class" : "org.nd4j.linalg.learning.config.Adam",
        "beta1" : 0.9,
        "beta2" : 0.999,
        "epsilon" : 1.0E-8,
        "learningRate" : 1.0E-4
      },
      "kernelSize" : [ 3, 3 ],
      "layerName" : "layer1",
      "nin" : 16,
      "nout" : 32,
      "padding" : [ 1, 1 ],
      "regularization" : [ ],
      "regularizationBias" : [ ],
      "stride" : [ 1, 1 ],
      "timeDistributedFormat" : null,
      "weightInitFn" : {
        "@class" : "org.deeplearning4j.nn.weights.WeightInitXavier"
      },
      "weightNoise" : null
    },
    "maxNumLineSearchIterations" : 5,
    "miniBatch" : true,
    "minimize" : true,
    "optimizationAlgo" : "STOCHASTIC_GRADIENT_DESCENT",
    "seed" : 1735428910776,
    "stepFunction" : null,
    "variables" : [ "W", "b" ]
  }, {
    "cacheMode" : "NONE",
    "dataType" : "FLOAT",
    "epochCount" : 0,
    "iterationCount" : 0,
    "layer" : {
      "@class" : "org.deeplearning4j.nn.conf.layers.ConvolutionLayer",
      "activationFn" : {
        "@class" : "org.nd4j.linalg.activations.impl.ActivationLReLU",
        "alpha" : 0.01
      },
      "biasInit" : 0.0,
      "biasUpdater" : null,
      "cnn2dDataFormat" : "NCHW",
      "constraints" : null,
      "convolutionMode" : "Truncate",
      "cudnnAlgoMode" : "PREFER_FASTEST",
      "cudnnAllowFallback" : true,
      "cudnnBwdDataAlgo" : null,
      "cudnnBwdFilterAlgo" : null,
      "cudnnFwdAlgo" : null,
      "dilation" : [ 1, 1 ],
      "gainInit" : 1.0,
      "gradientNormalization" : "None",
      "gradientNormalizationThreshold" : 1.0,
      "hasBias" : true,
      "idropout" : null,
      "iupdater" : {
        "@class" : "org.nd4j.linalg.learning.config.Adam",
        "beta1" : 0.9,
        "beta2" : 0.999,
        "epsilon" : 1.0E-8,
        "learningRate" : 1.0E-4
      },
      "kernelSize" : [ 2, 2 ],
      "layerName" : "layer2",
      "nin" : 32,
      "nout" : 64,
      "padding" : [ 0, 0 ],
      "regularization" : [ ],
      "regularizationBias" : [ ],
      "stride" : [ 1, 1 ],
      "timeDistributedFormat" : null,
      "weightInitFn" : {
        "@class" : "org.deeplearning4j.nn.weights.WeightInitXavier"
      },
      "weightNoise" : null
    },
    "maxNumLineSearchIterations" : 5,
    "miniBatch" : true,
    "minimize" : true,
    "optimizationAlgo" : "STOCHASTIC_GRADIENT_DESCENT",
    "seed" : 1735428910776,
    "stepFunction" : null,
    "variables" : [ "W", "b" ]
  }, {
    "cacheMode" : "NONE",
    "dataType" : "FLOAT",
    "epochCount" : 0,
    "iterationCount" : 0,
    "layer" : {
      "@class" : "org.deeplearning4j.nn.conf.layers.DenseLayer",
      "activationFn" : {
        "@class" : "org.nd4j.linalg.activations.impl.ActivationLReLU",
        "alpha" : 0.01
      },
      "biasInit" : 0.0,
      "biasUpdater" : null,
      "constraints" : null,
      "gainInit" : 1.0,
      "gradientNormalization" : "None",
      "gradientNormalizationThreshold" : 1.0,
      "hasBias" : true,
      "hasLayerNorm" : false,
      "idropout" : null,
      "iupdater" : {
        "@class" : "org.nd4j.linalg.learning.config.Adam",
        "beta1" : 0.9,
        "beta2" : 0.999,
        "epsilon" : 1.0E-8,
        "learningRate" : 1.0E-4
      },
      "layerName" : "layer3",
      "nin" : 1600,
      "nout" : 512,
      "regularization" : [ ],
      "regularizationBias" : [ ],
      "timeDistributedFormat" : null,
      "weightInitFn" : {
        "@class" : "org.deeplearning4j.nn.weights.WeightInitXavier"
      },
      "weightNoise" : null
    },
    "maxNumLineSearchIterations" : 5,
    "miniBatch" : true,
    "minimize" : true,
    "optimizationAlgo" : "STOCHASTIC_GRADIENT_DESCENT",
    "seed" : 1735428910776,
    "stepFunction" : null,
    "variables" : [ "W", "b" ]
  }, {
    "cacheMode" : "NONE",
    "dataType" : "FLOAT",
    "epochCount" : 0,
    "iterationCount" : 0,
    "layer" : {
      "@class" : "org.deeplearning4j.nn.conf.layers.DenseLayer",
      "activationFn" : {
        "@class" : "org.nd4j.linalg.activations.impl.ActivationLReLU",
        "alpha" : 0.01
      },
      "biasInit" : 0.0,
      "biasUpdater" : null,
      "constraints" : null,
      "gainInit" : 1.0,
      "gradientNormalization" : "None",
      "gradientNormalizationThreshold" : 1.0,
      "hasBias" : true,
      "hasLayerNorm" : false,
      "idropout" : null,
      "iupdater" : {
        "@class" : "org.nd4j.linalg.learning.config.Adam",
        "beta1" : 0.9,
        "beta2" : 0.999,
        "epsilon" : 1.0E-8,
        "learningRate" : 1.0E-4
      },
      "layerName" : "layer4",
      "nin" : 512,
      "nout" : 128,
      "regularization" : [ ],
      "regularizationBias" : [ ],
      "timeDistributedFormat" : null,
      "weightInitFn" : {
        "@class" : "org.deeplearning4j.nn.weights.WeightInitXavier"
      },
      "weightNoise" : null
    },
    "maxNumLineSearchIterations" : 5,
    "miniBatch" : true,
    "minimize" : true,
    "optimizationAlgo" : "STOCHASTIC_GRADIENT_DESCENT",
    "seed" : 1735428910776,
    "stepFunction" : null,
    "variables" : [ "W", "b" ]
  }, {
    "cacheMode" : "NONE",
    "dataType" : "FLOAT",
    "epochCount" : 0,
    "iterationCount" : 0,
    "layer" : {
      "@class" : "org.deeplearning4j.nn.conf.layers.OutputLayer",
      "activationFn" : {
        "@class" : "org.nd4j.linalg.activations.impl.ActivationSigmoid"
      },
      "biasInit" : 0.0,
      "biasUpdater" : null,
      "constraints" : null,
      "gainInit" : 1.0,
      "gradientNormalization" : "None",
      "gradientNormalizationThreshold" : 1.0,
      "hasBias" : true,
      "idropout" : null,
      "iupdater" : {
        "@class" : "org.nd4j.linalg.learning.config.Adam",
        "beta1" : 0.9,
        "beta2" : 0.999,
        "epsilon" : 1.0E-8,
        "learningRate" : 1.0E-4
      },
      "layerName" : "layer5",
      "lossFn" : {
        "@class" : "org.nd4j.linalg.lossfunctions.impl.LossMSE"
      },
      "nin" : 128,
      "nout" : 1,
      "regularization" : [ ],
      "regularizationBias" : [ ],
      "timeDistributedFormat" : null,
      "weightInitFn" : {
        "@class" : "org.deeplearning4j.nn.weights.WeightInitXavier"
      },
      "weightNoise" : null
    },
    "maxNumLineSearchIterations" : 5,
    "miniBatch" : true,
    "minimize" : true,
    "optimizationAlgo" : "STOCHASTIC_GRADIENT_DESCENT",
    "seed" : 1735428910776,
    "stepFunction" : null,
    "variables" : [ "W", "b" ]
  } ],
  "dataType" : "FLOAT",
  "epochCount" : 0,
  "inferenceWorkspaceMode" : "ENABLED",
  "inputPreProcessors" : {
    "3" : {
      "@class" : "org.deeplearning4j.nn.conf.preprocessor.CnnToFeedForwardPreProcessor",
      "format" : "NCHW",
      "inputHeight" : 5,
      "inputWidth" : 5,
      "numChannels" : 64
    }
  },
  "iterationCount" : 120574,
  "tbpttBackLength" : 20,
  "tbpttFwdLength" : 20,
  "trainingWorkspaceMode" : "ENABLED",
  "validateOutputLayerConfig" : true
}